{
  "backend": "synthcity",
  "summary": {
    "disc_jsd_mean": 0.10211281449941857,
    "disc_jsd_median": 0.1127651267934928,
    "cont_ks_mean": 0.20071428571428568,
    "cont_w1_mean": 6.072001461499725
  },
  "train_rows": 237,
  "test_rows": 60,
  "synth_rows": 1000,
  "discrete_cols": 7,
  "continuous_cols": 7,
  "umap_png": null
}