{
  "backend": "pybnesian",
  "summary": {
    "disc_jsd_mean": 0.10027301757503855,
    "disc_jsd_median": 0.09953072671617215,
    "cont_ks_mean": 0.23438818565400843,
    "cont_w1_mean": 4.410906531530636
  },
  "train_rows": 237,
  "test_rows": 60,
  "synth_rows": 237,
  "discrete_cols": 7,
  "continuous_cols": 7,
  "heldout_loglik": {
    "mean_loglik": -27.316282202172946,
    "std_loglik": 2.985411044182882,
    "sum_loglik": -1638.9769321303768,
    "n_rows": 60
  },
  "umap_png": null
}