{
  "backend": "pybnesian",
  "summary": {
    "disc_jsd_mean": 0.05444900140681918,
    "disc_jsd_median": 0.05020761778280342,
    "cont_ks_mean": 0.24053996598639454,
    "cont_w1_mean": 49.38465981698698
  },
  "train_rows": 126,
  "test_rows": 32,
  "synth_rows": 126,
  "discrete_cols": 11,
  "continuous_cols": 14,
  "heldout_loglik": {
    "mean_loglik": -104.69483887367012,
    "std_loglik": 390.30875573786363,
    "sum_loglik": -3350.234843957444,
    "n_rows": 32
  },
  "umap_png": null
}