{
  "backend": "pybnesian",
  "summary": {
    "disc_jsd_mean": 0.05277429782948764,
    "disc_jsd_median": 0.04109491351975766,
    "cont_ks_mean": 0.2378826530612245,
    "cont_w1_mean": 50.3257591510404
  },
  "train_rows": 126,
  "test_rows": 32,
  "synth_rows": 126,
  "discrete_cols": 11,
  "continuous_cols": 14,
  "heldout_loglik": {
    "mean_loglik": -104.69483887367012,
    "std_loglik": 390.30875573786363,
    "sum_loglik": -3350.234843957444,
    "n_rows": 32
  }
}